time,controller,queue_length
0,fixed,1
1,fixed,2
2,fixed,4
3,fixed,4
4,fixed,4
5,fixed,4
6,fixed,4
7,fixed,6
8,fixed,6
9,fixed,7
10,fixed,8
11,fixed,9
12,fixed,9
13,fixed,9
14,fixed,10
15,fixed,11
16,fixed,11
17,fixed,11
18,fixed,13
19,fixed,14
20,fixed,14
21,fixed,14
22,fixed,15
23,fixed,15
24,fixed,16
25,fixed,17
26,fixed,18
27,fixed,18
28,fixed,19
29,fixed,21
30,fixed,21
31,fixed,22
32,fixed,23
33,fixed,23
34,fixed,24
35,fixed,24
36,fixed,24
37,fixed,25
38,fixed,27
39,fixed,27
40,fixed,29
41,fixed,31
42,fixed,32
43,fixed,32
44,fixed,32
45,fixed,34
46,fixed,34
47,fixed,36
48,fixed,36
49,fixed,36
50,fixed,40
51,fixed,41
52,fixed,42
53,fixed,43
54,fixed,43
55,fixed,45
56,fixed,46
57,fixed,47
58,fixed,47
59,fixed,47
60,fixed,47
61,fixed,46
62,fixed,46
63,fixed,46
64,fixed,46
65,fixed,46
66,fixed,46
67,fixed,46
68,fixed,46
69,fixed,45
70,fixed,46
71,fixed,45
72,fixed,45
73,fixed,45
74,fixed,45
75,fixed,45
76,fixed,48
77,fixed,47
78,fixed,48
79,fixed,47
80,fixed,49
81,fixed,49
82,fixed,51
83,fixed,51
84,fixed,53
85,fixed,54
86,fixed,54
87,fixed,53
88,fixed,54
89,fixed,54
90,fixed,54
91,fixed,54
92,fixed,57
93,fixed,57
94,fixed,57
95,fixed,56
96,fixed,58
97,fixed,61
98,fixed,62
99,fixed,62
100,fixed,64
101,fixed,63
102,fixed,65
103,fixed,65
104,fixed,67
105,fixed,66
106,fixed,68
107,fixed,67
108,fixed,70
109,fixed,70
110,fixed,71
111,fixed,70
112,fixed,71
113,fixed,70
114,fixed,70
115,fixed,69
116,fixed,70
117,fixed,70
118,fixed,71
119,fixed,71
120,fixed,71
121,fixed,70
122,fixed,71
123,fixed,70
124,fixed,70
125,fixed,69
126,fixed,70
127,fixed,70
128,fixed,70
129,fixed,70
130,fixed,71
131,fixed,70
132,fixed,70
133,fixed,70
134,fixed,70
135,fixed,69
136,fixed,69
137,fixed,69
138,fixed,69
139,fixed,69
140,fixed,72
141,fixed,72
142,fixed,73
143,fixed,72
144,fixed,72
145,fixed,71
146,fixed,72
147,fixed,72
148,fixed,75
149,fixed,77
150,fixed,77
151,fixed,76
152,fixed,77
153,fixed,77
154,fixed,79
155,fixed,79
156,fixed,81
157,fixed,80
158,fixed,83
159,fixed,82
160,fixed,82
161,fixed,81
162,fixed,83
163,fixed,82
164,fixed,84
165,fixed,83
166,fixed,86
167,fixed,86
168,fixed,86
169,fixed,85
170,fixed,87
171,fixed,86
172,fixed,87
173,fixed,87
174,fixed,88
175,fixed,88
176,fixed,88
177,fixed,87
178,fixed,87
179,fixed,88
180,fixed,88
181,fixed,87
182,fixed,87
183,fixed,86
184,fixed,88
185,fixed,88
186,fixed,88
187,fixed,88
188,fixed,88
189,fixed,87
190,fixed,90
191,fixed,89
192,fixed,89
193,fixed,89
194,fixed,90
195,fixed,90
196,fixed,91
197,fixed,91
198,fixed,92
199,fixed,91
200,fixed,91
201,fixed,91
202,fixed,91
203,fixed,91
204,fixed,91
205,fixed,91
206,fixed,92
207,fixed,93
208,fixed,94
209,fixed,95
210,fixed,97
211,fixed,101
212,fixed,101
213,fixed,100
214,fixed,100
215,fixed,100
216,fixed,103
217,fixed,103
218,fixed,105
219,fixed,104
220,fixed,104
221,fixed,104
222,fixed,105
223,fixed,105
224,fixed,107
225,fixed,106
226,fixed,108
227,fixed,109
228,fixed,109
229,fixed,109
230,fixed,112
231,fixed,111
232,fixed,111
233,fixed,111
234,fixed,112
235,fixed,113
236,fixed,114
237,fixed,115
238,fixed,116
239,fixed,115
240,fixed,116
241,fixed,115
242,fixed,117
243,fixed,117
244,fixed,117
245,fixed,119
246,fixed,119
247,fixed,118
248,fixed,119
249,fixed,118
250,fixed,119
251,fixed,119
252,fixed,121
253,fixed,122
254,fixed,123
255,fixed,123
256,fixed,123
257,fixed,122
258,fixed,122
259,fixed,121
260,fixed,121
261,fixed,121
262,fixed,122
263,fixed,121
264,fixed,121
265,fixed,120
266,fixed,121
267,fixed,122
268,fixed,123
269,fixed,124
270,fixed,124
271,fixed,123
272,fixed,124
273,fixed,123
274,fixed,125
275,fixed,124
276,fixed,126
277,fixed,127
278,fixed,129
279,fixed,129
280,fixed,130
281,fixed,131
282,fixed,131
283,fixed,131
284,fixed,133
285,fixed,132
286,fixed,133
287,fixed,132
288,fixed,133
289,fixed,133
290,fixed,134
291,fixed,134
292,fixed,138
293,fixed,138
294,fixed,138
295,fixed,139
296,fixed,140
297,fixed,141
298,fixed,142
299,fixed,142
300,fixed,145
301,fixed,145
302,fixed,147
303,fixed,146
304,fixed,146
305,fixed,145
306,fixed,145
307,fixed,145
308,fixed,145
309,fixed,144
310,fixed,145
311,fixed,146
312,fixed,147
313,fixed,147
314,fixed,147
315,fixed,146
316,fixed,146
317,fixed,147
318,fixed,150
319,fixed,151
320,fixed,152
321,fixed,151
322,fixed,152
323,fixed,151
324,fixed,151
325,fixed,151
326,fixed,152
327,fixed,151
328,fixed,152
329,fixed,151
330,fixed,152
331,fixed,151
332,fixed,153
333,fixed,153
334,fixed,153
335,fixed,154
336,fixed,157
337,fixed,156
338,fixed,156
339,fixed,156
340,fixed,156
341,fixed,159
342,fixed,161
343,fixed,160
344,fixed,161
345,fixed,161
346,fixed,161
347,fixed,160
348,fixed,162
349,fixed,161
350,fixed,161
351,fixed,160
352,fixed,162
353,fixed,161
354,fixed,163
355,fixed,162
356,fixed,162
357,fixed,163
358,fixed,163
359,fixed,162
360,fixed,164
361,fixed,164
362,fixed,165
363,fixed,166
364,fixed,166
365,fixed,166
366,fixed,167
367,fixed,167
368,fixed,168
369,fixed,168
370,fixed,168
371,fixed,167
372,fixed,168
373,fixed,167
374,fixed,168
375,fixed,169
376,fixed,170
377,fixed,170
378,fixed,171
379,fixed,171
380,fixed,172
381,fixed,173
382,fixed,175
383,fixed,176
384,fixed,176
385,fixed,176
386,fixed,176
387,fixed,176
388,fixed,177
389,fixed,176
390,fixed,178
391,fixed,179
392,fixed,180
393,fixed,179
394,fixed,179
395,fixed,178
396,fixed,178
397,fixed,178
398,fixed,179
399,fixed,178
400,fixed,178
401,fixed,179
402,fixed,180
403,fixed,179
404,fixed,179
405,fixed,179
406,fixed,180
407,fixed,179
408,fixed,179
409,fixed,178
410,fixed,179
411,fixed,179
412,fixed,179
413,fixed,178
414,fixed,179
415,fixed,181
416,fixed,183
417,fixed,183
418,fixed,183
419,fixed,183
420,fixed,183
421,fixed,182
422,fixed,184
423,fixed,183
424,fixed,183
425,fixed,182
426,fixed,183
427,fixed,183
428,fixed,184
429,fixed,183
430,fixed,184
431,fixed,183
432,fixed,184
433,fixed,184
434,fixed,185
435,fixed,185
436,fixed,187
437,fixed,188
438,fixed,188
439,fixed,190
440,fixed,190
441,fixed,189
442,fixed,189
443,fixed,188
444,fixed,189
445,fixed,190
446,fixed,190
447,fixed,191
448,fixed,191
449,fixed,191
450,fixed,191
451,fixed,191
452,fixed,193
453,fixed,193
454,fixed,194
455,fixed,194
456,fixed,195
457,fixed,194
458,fixed,194
459,fixed,195
460,fixed,196
461,fixed,197
462,fixed,197
463,fixed,198
464,fixed,198
465,fixed,198
466,fixed,198
467,fixed,197
468,fixed,198
469,fixed,197
470,fixed,198
471,fixed,197
472,fixed,197
473,fixed,196
474,fixed,196
475,fixed,196
476,fixed,197
477,fixed,197
478,fixed,198
479,fixed,198
480,fixed,198
481,fixed,197
482,fixed,197
483,fixed,197
484,fixed,197
485,fixed,198
486,fixed,199
487,fixed,198
488,fixed,198
489,fixed,198
490,fixed,198
491,fixed,199
492,fixed,199
493,fixed,198
494,fixed,199
495,fixed,198
496,fixed,198
497,fixed,198
498,fixed,198
499,fixed,198
500,fixed,198
501,fixed,199
502,fixed,203
503,fixed,202
504,fixed,203
505,fixed,202
506,fixed,203
507,fixed,202
508,fixed,204
509,fixed,203
510,fixed,205
511,fixed,205
512,fixed,208
513,fixed,208
514,fixed,208
515,fixed,210
516,fixed,211
517,fixed,214
518,fixed,215
519,fixed,215
520,fixed,216
521,fixed,218
522,fixed,219
523,fixed,220
524,fixed,220
525,fixed,220
526,fixed,222
527,fixed,223
528,fixed,223
529,fixed,225
530,fixed,226
531,fixed,227
532,fixed,227
533,fixed,228
534,fixed,228
535,fixed,228
536,fixed,229
537,fixed,229
538,fixed,230
539,fixed,230
540,fixed,231
541,fixed,232
542,fixed,232
543,fixed,232
544,fixed,233
545,fixed,233
546,fixed,233
547,fixed,233
548,fixed,233
549,fixed,232
550,fixed,232
551,fixed,231
552,fixed,232
553,fixed,232
554,fixed,232
555,fixed,231
556,fixed,232
557,fixed,232
558,fixed,234
559,fixed,233
560,fixed,233
561,fixed,235
562,fixed,235
563,fixed,234
564,fixed,236
565,fixed,237
566,fixed,237
567,fixed,237
568,fixed,238
569,fixed,238
570,fixed,238
571,fixed,238
572,fixed,239
573,fixed,238
574,fixed,241
575,fixed,244
576,fixed,244
577,fixed,248
578,fixed,249
579,fixed,248
580,fixed,248
581,fixed,248
582,fixed,248
583,fixed,247
584,fixed,249
585,fixed,250
586,fixed,250
587,fixed,249
588,fixed,250
589,fixed,251
590,fixed,251
591,fixed,253
592,fixed,253
593,fixed,253
594,fixed,254
595,fixed,253
596,fixed,254
597,fixed,253
598,fixed,253
599,fixed,253
600,fixed,254
601,fixed,254
602,fixed,256
603,fixed,256
604,fixed,257
605,fixed,257
606,fixed,258
607,fixed,259
608,fixed,261
609,fixed,260
610,fixed,263
611,fixed,263
612,fixed,265
613,fixed,266
614,fixed,267
615,fixed,267
616,fixed,268
617,fixed,267
618,fixed,268
619,fixed,267
620,fixed,267
621,fixed,266
622,fixed,267
623,fixed,266
624,fixed,266
625,fixed,266
626,fixed,268
627,fixed,267
628,fixed,267
629,fixed,268
630,fixed,268
631,fixed,268
632,fixed,268
633,fixed,270
634,fixed,270
635,fixed,269
636,fixed,271
637,fixed,271
638,fixed,272
639,fixed,271
640,fixed,271
641,fixed,271
642,fixed,271
643,fixed,271
644,fixed,274
645,fixed,274
646,fixed,275
647,fixed,275
648,fixed,275
649,fixed,275
650,fixed,275
651,fixed,274
652,fixed,275
653,fixed,274
654,fixed,276
655,fixed,275
656,fixed,275
657,fixed,276
658,fixed,278
659,fixed,279
660,fixed,279
661,fixed,278
662,fixed,278
663,fixed,277
664,fixed,278
665,fixed,277
666,fixed,277
667,fixed,277
668,fixed,277
669,fixed,277
670,fixed,277
671,fixed,276
672,fixed,277
673,fixed,276
674,fixed,276
675,fixed,276
676,fixed,276
677,fixed,277
678,fixed,278
679,fixed,278
680,fixed,278
681,fixed,278
682,fixed,278
683,fixed,277
684,fixed,277
685,fixed,277
686,fixed,278
687,fixed,277
688,fixed,278
689,fixed,279
690,fixed,279
691,fixed,278
692,fixed,279
693,fixed,278
694,fixed,278
695,fixed,278
696,fixed,278
697,fixed,278
698,fixed,278
699,fixed,277
700,fixed,277
701,fixed,280
702,fixed,280
703,fixed,283
704,fixed,283
705,fixed,282
706,fixed,282
707,fixed,282
708,fixed,283
709,fixed,284
710,fixed,286
711,fixed,288
712,fixed,288
713,fixed,288
714,fixed,288
715,fixed,288
716,fixed,288
717,fixed,289
718,fixed,289
719,fixed,289
720,fixed,289
721,fixed,289
722,fixed,291
723,fixed,294
724,fixed,297
725,fixed,296
726,fixed,296
727,fixed,297
728,fixed,297
729,fixed,296
730,fixed,297
731,fixed,296
732,fixed,297
733,fixed,296
734,fixed,296
735,fixed,295
736,fixed,295
737,fixed,295
738,fixed,296
739,fixed,297
740,fixed,298
741,fixed,298
742,fixed,298
743,fixed,297
744,fixed,297
745,fixed,298
746,fixed,298
747,fixed,297
748,fixed,298
749,fixed,298
750,fixed,298
751,fixed,298
752,fixed,299
753,fixed,298
754,fixed,300
755,fixed,299
756,fixed,300
757,fixed,300
758,fixed,300
759,fixed,299
760,fixed,299
761,fixed,298
762,fixed,299
763,fixed,299
764,fixed,301
765,fixed,303
766,fixed,305
767,fixed,305
768,fixed,307
769,fixed,307
770,fixed,308
771,fixed,308
772,fixed,309
773,fixed,308
774,fixed,310
775,fixed,309
776,fixed,310
777,fixed,309
778,fixed,310
779,fixed,312
780,fixed,313
781,fixed,312
782,fixed,313
783,fixed,312
784,fixed,312
785,fixed,314
786,fixed,314
787,fixed,313
788,fixed,314
789,fixed,314
790,fixed,315
791,fixed,315
792,fixed,317
793,fixed,316
794,fixed,317
795,fixed,317
796,fixed,317
797,fixed,316
798,fixed,316
799,fixed,315
800,fixed,316
801,fixed,315
802,fixed,319
803,fixed,318
804,fixed,319
805,fixed,320
806,fixed,320
807,fixed,319
808,fixed,322
809,fixed,324
810,fixed,324
811,fixed,324
812,fixed,324
813,fixed,324
814,fixed,324
815,fixed,323
816,fixed,326
817,fixed,325
818,fixed,326
819,fixed,326
820,fixed,327
821,fixed,327
822,fixed,328
823,fixed,328
824,fixed,328
825,fixed,327
826,fixed,327
827,fixed,326
828,fixed,326
829,fixed,326
830,fixed,326
831,fixed,327
832,fixed,327
833,fixed,330
834,fixed,330
835,fixed,329
836,fixed,330
837,fixed,329
838,fixed,331
839,fixed,332
840,fixed,332
841,fixed,331
842,fixed,331
843,fixed,331
844,fixed,332
845,fixed,332
846,fixed,332
847,fixed,331
848,fixed,333
849,fixed,332
850,fixed,333
851,fixed,332
852,fixed,334
853,fixed,333
854,fixed,333
855,fixed,332
856,fixed,334
857,fixed,334
858,fixed,334
859,fixed,335
860,fixed,335
861,fixed,334
862,fixed,337
863,fixed,336
864,fixed,336
865,fixed,335
866,fixed,336
867,fixed,335
868,fixed,336
869,fixed,336
870,fixed,336
871,fixed,335
872,fixed,335
873,fixed,336
874,fixed,336
875,fixed,336
876,fixed,337
877,fixed,337
878,fixed,339
879,fixed,338
880,fixed,339
881,fixed,339
882,fixed,339
883,fixed,340
884,fixed,340
885,fixed,340
886,fixed,341
887,fixed,340
888,fixed,341
889,fixed,341
890,fixed,342
891,fixed,342
892,fixed,344
893,fixed,344
894,fixed,346
895,fixed,345
896,fixed,346
897,fixed,345
898,fixed,345
899,fixed,346
900,fixed,347
901,fixed,346
902,fixed,346
903,fixed,345
904,fixed,345
905,fixed,345
906,fixed,345
907,fixed,346
908,fixed,346
909,fixed,346
910,fixed,346
911,fixed,347
912,fixed,347
913,fixed,346
914,fixed,346
915,fixed,347
916,fixed,347
917,fixed,347
918,fixed,350
919,fixed,350
920,fixed,351
921,fixed,351
922,fixed,351
923,fixed,351
924,fixed,355
925,fixed,354
926,fixed,354
927,fixed,353
928,fixed,354
929,fixed,354
930,fixed,354
931,fixed,353
932,fixed,354
933,fixed,354
934,fixed,355
935,fixed,356
936,fixed,357
937,fixed,356
938,fixed,356
939,fixed,355
940,fixed,355
941,fixed,354
942,fixed,356
943,fixed,357
944,fixed,358
945,fixed,358
946,fixed,359
947,fixed,360
948,fixed,361
949,fixed,360
950,fixed,360
951,fixed,359
952,fixed,360
953,fixed,361
954,fixed,361
955,fixed,362
956,fixed,363
957,fixed,362
958,fixed,363
959,fixed,365
960,fixed,366
961,fixed,366
962,fixed,368
963,fixed,367
964,fixed,370
965,fixed,370
966,fixed,372
967,fixed,372
968,fixed,372
969,fixed,372
970,fixed,373
971,fixed,373
972,fixed,374
973,fixed,373
974,fixed,373
975,fixed,374
976,fixed,375
977,fixed,374
978,fixed,375
979,fixed,374
980,fixed,375
981,fixed,374
982,fixed,374
983,fixed,376
984,fixed,379
985,fixed,378
986,fixed,380
987,fixed,379
988,fixed,379
989,fixed,379
990,fixed,380
991,fixed,379
992,fixed,380
993,fixed,381
994,fixed,381
995,fixed,382
996,fixed,382
997,fixed,381
998,fixed,382
999,fixed,381
1000,fixed,383
1001,fixed,383
1002,fixed,385
1003,fixed,387
1004,fixed,387
1005,fixed,387
1006,fixed,387
1007,fixed,387
1008,fixed,388
1009,fixed,389
1010,fixed,389
1011,fixed,389
1012,fixed,390
1013,fixed,391
1014,fixed,392
1015,fixed,393
1016,fixed,394
1017,fixed,395
1018,fixed,396
1019,fixed,397
1020,fixed,399
1021,fixed,401
1022,fixed,401
1023,fixed,400
1024,fixed,400
1025,fixed,400
1026,fixed,402
1027,fixed,401
1028,fixed,402
1029,fixed,401
1030,fixed,403
1031,fixed,403
1032,fixed,403
1033,fixed,403
1034,fixed,403
1035,fixed,402
1036,fixed,402
1037,fixed,402
1038,fixed,403
1039,fixed,402
1040,fixed,402
1041,fixed,403
1042,fixed,403
1043,fixed,402
1044,fixed,402
1045,fixed,401
1046,fixed,403
1047,fixed,403
1048,fixed,403
1049,fixed,403
1050,fixed,404
1051,fixed,404
1052,fixed,404
1053,fixed,404
1054,fixed,404
1055,fixed,403
1056,fixed,406
1057,fixed,405
1058,fixed,405
1059,fixed,406
1060,fixed,407
1061,fixed,407
1062,fixed,408
1063,fixed,408
1064,fixed,409
1065,fixed,409
1066,fixed,409
1067,fixed,408
1068,fixed,409
1069,fixed,408
1070,fixed,409
1071,fixed,412
1072,fixed,413
1073,fixed,414
1074,fixed,415
1075,fixed,417
1076,fixed,419
1077,fixed,418
1078,fixed,418
1079,fixed,418
1080,fixed,418
1081,fixed,417
1082,fixed,418
1083,fixed,418
1084,fixed,418
1085,fixed,419
1086,fixed,420
1087,fixed,420
1088,fixed,421
1089,fixed,420
1090,fixed,422
1091,fixed,423
1092,fixed,423
1093,fixed,423
1094,fixed,423
1095,fixed,423
1096,fixed,425
1097,fixed,427
1098,fixed,427
1099,fixed,427
1100,fixed,427
1101,fixed,428
1102,fixed,430
1103,fixed,430
1104,fixed,431
1105,fixed,431
1106,fixed,431
1107,fixed,431
1108,fixed,431
1109,fixed,430
1110,fixed,431
1111,fixed,430
1112,fixed,432
1113,fixed,433
1114,fixed,436
1115,fixed,437
1116,fixed,438
1117,fixed,437
1118,fixed,438
1119,fixed,438
1120,fixed,438
1121,fixed,439
1122,fixed,439
1123,fixed,439
1124,fixed,439
1125,fixed,438
1126,fixed,441
1127,fixed,440
1128,fixed,441
1129,fixed,440
1130,fixed,441
1131,fixed,442
1132,fixed,443
1133,fixed,442
1134,fixed,443
1135,fixed,442
1136,fixed,442
1137,fixed,443
1138,fixed,444
1139,fixed,443
1140,fixed,443
1141,fixed,442
1142,fixed,442
1143,fixed,442
1144,fixed,443
1145,fixed,442
1146,fixed,443
1147,fixed,443
1148,fixed,445
1149,fixed,447
1150,fixed,447
1151,fixed,448
1152,fixed,448
1153,fixed,448
1154,fixed,449
1155,fixed,449
1156,fixed,449
1157,fixed,449
1158,fixed,451
1159,fixed,450
1160,fixed,452
1161,fixed,451
1162,fixed,451
1163,fixed,451
1164,fixed,452
1165,fixed,452
1166,fixed,452
1167,fixed,452
1168,fixed,452
1169,fixed,452
1170,fixed,453
1171,fixed,453
1172,fixed,453
1173,fixed,455
1174,fixed,455
1175,fixed,454
1176,fixed,455
1177,fixed,456
1178,fixed,459
1179,fixed,458
1180,fixed,458
1181,fixed,457
1182,fixed,459
1183,fixed,458
1184,fixed,459
1185,fixed,459
1186,fixed,462
1187,fixed,462
1188,fixed,465
1189,fixed,465
1190,fixed,466
1191,fixed,466
1192,fixed,466
1193,fixed,468
1194,fixed,472
1195,fixed,471
1196,fixed,472
1197,fixed,473
1198,fixed,474
1199,fixed,474
1200,fixed,474
1201,fixed,475
1202,fixed,476
1203,fixed,475
1204,fixed,475
1205,fixed,475
1206,fixed,476
1207,fixed,475
1208,fixed,476
1209,fixed,476
1210,fixed,478
1211,fixed,477
1212,fixed,478
1213,fixed,479
1214,fixed,480
1215,fixed,480
1216,fixed,480
1217,fixed,479
1218,fixed,480
1219,fixed,480
1220,fixed,481
1221,fixed,481
1222,fixed,482
1223,fixed,481
1224,fixed,483
1225,fixed,482
1226,fixed,483
1227,fixed,482
1228,fixed,483
1229,fixed,486
1230,fixed,488
1231,fixed,487
1232,fixed,488
1233,fixed,489
1234,fixed,489
1235,fixed,488
1236,fixed,490
1237,fixed,489
1238,fixed,490
1239,fixed,489
1240,fixed,490
1241,fixed,491
1242,fixed,491
1243,fixed,492
1244,fixed,492
1245,fixed,491
1246,fixed,494
1247,fixed,494
1248,fixed,494
1249,fixed,493
1250,fixed,494
1251,fixed,493
1252,fixed,494
1253,fixed,493
1254,fixed,493
1255,fixed,492
1256,fixed,494
1257,fixed,494
1258,fixed,496
1259,fixed,496
1260,fixed,497
1261,fixed,498
1262,fixed,498
1263,fixed,497
1264,fixed,499
1265,fixed,499
1266,fixed,500
1267,fixed,499
1268,fixed,500
1269,fixed,499
1270,fixed,500
1271,fixed,500
1272,fixed,500
1273,fixed,499
1274,fixed,501
1275,fixed,500
1276,fixed,502
1277,fixed,502
1278,fixed,503
1279,fixed,502
1280,fixed,503
1281,fixed,503
1282,fixed,503
1283,fixed,504
1284,fixed,505
1285,fixed,506
1286,fixed,506
1287,fixed,505
1288,fixed,505
1289,fixed,505
1290,fixed,508
1291,fixed,508
1292,fixed,508
1293,fixed,509
1294,fixed,510
1295,fixed,511
1296,fixed,512
1297,fixed,511
1298,fixed,511
1299,fixed,511
1300,fixed,512
1301,fixed,511
1302,fixed,511
1303,fixed,511
1304,fixed,511
1305,fixed,510
1306,fixed,510
1307,fixed,510
1308,fixed,511
1309,fixed,512
1310,fixed,513
1311,fixed,512
1312,fixed,513
1313,fixed,513
1314,fixed,515
1315,fixed,514
1316,fixed,514
1317,fixed,514
1318,fixed,515
1319,fixed,516
1320,fixed,517
1321,fixed,516
1322,fixed,518
1323,fixed,517
1324,fixed,518
1325,fixed,519
1326,fixed,519
1327,fixed,518
1328,fixed,519
1329,fixed,520
1330,fixed,520
1331,fixed,520
1332,fixed,521
1333,fixed,523
1334,fixed,523
1335,fixed,522
1336,fixed,523
1337,fixed,522
1338,fixed,523
1339,fixed,522
1340,fixed,524
1341,fixed,524
1342,fixed,526
1343,fixed,526
1344,fixed,530
1345,fixed,529
1346,fixed,530
1347,fixed,530
1348,fixed,530
1349,fixed,529
1350,fixed,529
1351,fixed,529
1352,fixed,529
1353,fixed,528
1354,fixed,530
1355,fixed,531
1356,fixed,531
1357,fixed,530
1358,fixed,531
1359,fixed,531
1360,fixed,532
1361,fixed,533
1362,fixed,534
1363,fixed,533
1364,fixed,534
1365,fixed,533
1366,fixed,533
1367,fixed,533
1368,fixed,534
1369,fixed,537
1370,fixed,537
1371,fixed,536
1372,fixed,537
1373,fixed,536
1374,fixed,537
1375,fixed,536
1376,fixed,537
1377,fixed,536
1378,fixed,537
1379,fixed,537
1380,fixed,537
1381,fixed,536
1382,fixed,538
1383,fixed,538
1384,fixed,538
1385,fixed,538
1386,fixed,540
1387,fixed,541
1388,fixed,542
1389,fixed,542
1390,fixed,543
1391,fixed,543
1392,fixed,544
1393,fixed,546
1394,fixed,547
1395,fixed,547
1396,fixed,547
1397,fixed,549
1398,fixed,549
1399,fixed,549
1400,fixed,549
1401,fixed,549
1402,fixed,549
1403,fixed,548
1404,fixed,549
1405,fixed,551
1406,fixed,553
1407,fixed,552
1408,fixed,553
1409,fixed,553
1410,fixed,555
1411,fixed,555
1412,fixed,557
1413,fixed,557
1414,fixed,558
1415,fixed,558
1416,fixed,560
1417,fixed,559
1418,fixed,561
1419,fixed,560
1420,fixed,560
1421,fixed,560
1422,fixed,561
1423,fixed,561
1424,fixed,562
1425,fixed,561
1426,fixed,561
1427,fixed,561
1428,fixed,562
1429,fixed,562
1430,fixed,563
1431,fixed,563
1432,fixed,565
1433,fixed,565
1434,fixed,565
1435,fixed,564
1436,fixed,564
1437,fixed,565
1438,fixed,566
1439,fixed,566
1440,fixed,567
1441,fixed,566
1442,fixed,566
1443,fixed,566
1444,fixed,566
1445,fixed,567
1446,fixed,568
1447,fixed,567
1448,fixed,568
1449,fixed,567
1450,fixed,569
1451,fixed,570
1452,fixed,574
1453,fixed,573
1454,fixed,573
1455,fixed,572
1456,fixed,572
1457,fixed,572
1458,fixed,572
1459,fixed,572
1460,fixed,573
1461,fixed,574
1462,fixed,574
1463,fixed,574
1464,fixed,576
1465,fixed,577
1466,fixed,577
1467,fixed,577
1468,fixed,578
1469,fixed,580
1470,fixed,580
1471,fixed,581
1472,fixed,581
1473,fixed,580
1474,fixed,581
1475,fixed,581
1476,fixed,583
1477,fixed,583
1478,fixed,584
1479,fixed,583
1480,fixed,583
1481,fixed,583
1482,fixed,584
1483,fixed,583
1484,fixed,583
1485,fixed,585
1486,fixed,588
1487,fixed,587
1488,fixed,588
1489,fixed,588
1490,fixed,589
1491,fixed,590
1492,fixed,590
1493,fixed,589
1494,fixed,590
1495,fixed,590
1496,fixed,591
1497,fixed,590
1498,fixed,590
1499,fixed,591
1500,fixed,592
1501,fixed,591
1502,fixed,593
1503,fixed,593
1504,fixed,594
1505,fixed,594
1506,fixed,594
1507,fixed,593
1508,fixed,595
1509,fixed,594
1510,fixed,595
1511,fixed,594
1512,fixed,595
1513,fixed,597
1514,fixed,598
1515,fixed,598
1516,fixed,598
1517,fixed,597
1518,fixed,598
1519,fixed,598
1520,fixed,598
1521,fixed,597
1522,fixed,598
1523,fixed,597
1524,fixed,598
1525,fixed,598
1526,fixed,598
1527,fixed,597
1528,fixed,597
1529,fixed,596
1530,fixed,597
1531,fixed,596
1532,fixed,596
1533,fixed,595
1534,fixed,595
1535,fixed,596
1536,fixed,597
1537,fixed,597
1538,fixed,599
1539,fixed,599
1540,fixed,599
1541,fixed,599
1542,fixed,599
1543,fixed,600
1544,fixed,601
1545,fixed,601
1546,fixed,603
1547,fixed,602
1548,fixed,602
1549,fixed,601
1550,fixed,601
1551,fixed,601
1552,fixed,601
1553,fixed,601
1554,fixed,601
1555,fixed,601
1556,fixed,601
1557,fixed,601
1558,fixed,603
1559,fixed,602
1560,fixed,602
1561,fixed,602
1562,fixed,602
1563,fixed,601
1564,fixed,604
1565,fixed,604
1566,fixed,605
1567,fixed,604
1568,fixed,605
1569,fixed,606
1570,fixed,606
1571,fixed,607
1572,fixed,608
1573,fixed,607
1574,fixed,607
1575,fixed,606
1576,fixed,606
1577,fixed,606
1578,fixed,606
1579,fixed,605
1580,fixed,606
1581,fixed,606
1582,fixed,608
1583,fixed,607
1584,fixed,608
1585,fixed,608
1586,fixed,608
1587,fixed,608
1588,fixed,610
1589,fixed,609
1590,fixed,613
1591,fixed,613
1592,fixed,614
1593,fixed,614
1594,fixed,614
1595,fixed,613
1596,fixed,613
1597,fixed,612
1598,fixed,613
1599,fixed,612
1600,fixed,612
1601,fixed,612
1602,fixed,612
1603,fixed,612
1604,fixed,614
1605,fixed,614
1606,fixed,616
1607,fixed,615
1608,fixed,616
1609,fixed,615
1610,fixed,615
1611,fixed,616
1612,fixed,618
1613,fixed,617
1614,fixed,618
1615,fixed,618
1616,fixed,618
1617,fixed,618
1618,fixed,619
1619,fixed,618
1620,fixed,618
1621,fixed,618
1622,fixed,621
1623,fixed,620
1624,fixed,620
1625,fixed,621
1626,fixed,621
1627,fixed,621
1628,fixed,622
1629,fixed,622
1630,fixed,623
1631,fixed,622
1632,fixed,622
1633,fixed,622
1634,fixed,623
1635,fixed,622
1636,fixed,622
1637,fixed,622
1638,fixed,622
1639,fixed,623
1640,fixed,625
1641,fixed,624
1642,fixed,624
1643,fixed,626
1644,fixed,628
1645,fixed,627
1646,fixed,627
1647,fixed,626
1648,fixed,626
1649,fixed,627
1650,fixed,629
1651,fixed,629
1652,fixed,629
1653,fixed,630
1654,fixed,631
1655,fixed,630
1656,fixed,630
1657,fixed,631
1658,fixed,631
1659,fixed,631
1660,fixed,632
1661,fixed,631
1662,fixed,633
1663,fixed,632
1664,fixed,632
1665,fixed,631
1666,fixed,631
1667,fixed,631
1668,fixed,632
1669,fixed,633
1670,fixed,635
1671,fixed,634
1672,fixed,635
1673,fixed,635
1674,fixed,635
1675,fixed,634
1676,fixed,637
1677,fixed,637
1678,fixed,637
1679,fixed,638
1680,fixed,640
1681,fixed,639
1682,fixed,640
1683,fixed,639
1684,fixed,640
1685,fixed,639
1686,fixed,639
1687,fixed,639
1688,fixed,641
1689,fixed,640
1690,fixed,640
1691,fixed,640
1692,fixed,640
1693,fixed,640
1694,fixed,640
1695,fixed,640
1696,fixed,641
1697,fixed,640
1698,fixed,640
1699,fixed,639
1700,fixed,639
1701,fixed,638
1702,fixed,641
1703,fixed,641
1704,fixed,642
1705,fixed,641
1706,fixed,641
1707,fixed,641
1708,fixed,643
1709,fixed,643
1710,fixed,644
1711,fixed,644
1712,fixed,644
1713,fixed,643
1714,fixed,643
1715,fixed,642
1716,fixed,644
1717,fixed,643
1718,fixed,645
1719,fixed,647
1720,fixed,648
1721,fixed,649
1722,fixed,651
1723,fixed,650
1724,fixed,651
1725,fixed,650
1726,fixed,650
1727,fixed,649
1728,fixed,649
1729,fixed,650
1730,fixed,651
1731,fixed,652
1732,fixed,653
1733,fixed,654
1734,fixed,654
1735,fixed,655
1736,fixed,656
1737,fixed,656
1738,fixed,656
1739,fixed,656
1740,fixed,658
1741,fixed,657
1742,fixed,657
1743,fixed,658
1744,fixed,659
1745,fixed,661
1746,fixed,662
1747,fixed,661
1748,fixed,662
1749,fixed,664
1750,fixed,664
1751,fixed,665
1752,fixed,667
1753,fixed,667
1754,fixed,668
1755,fixed,667
1756,fixed,670
1757,fixed,669
1758,fixed,669
1759,fixed,670
1760,fixed,672
1761,fixed,671
1762,fixed,671
1763,fixed,671
1764,fixed,671
1765,fixed,672
1766,fixed,674
1767,fixed,674
1768,fixed,674
1769,fixed,674
1770,fixed,675
1771,fixed,675
1772,fixed,675
1773,fixed,675
1774,fixed,675
1775,fixed,677
1776,fixed,680
1777,fixed,680
1778,fixed,680
1779,fixed,679
1780,fixed,679
1781,fixed,679
1782,fixed,679
1783,fixed,678
1784,fixed,678
1785,fixed,678
1786,fixed,678
1787,fixed,677
1788,fixed,678
1789,fixed,677
1790,fixed,677
1791,fixed,676
1792,fixed,676
1793,fixed,675
1794,fixed,676
1795,fixed,676
1796,fixed,677
1797,fixed,677
1798,fixed,679
1799,fixed,678
0,fuzzy,1
1,fuzzy,2
2,fuzzy,4
3,fuzzy,4
4,fuzzy,4
5,fuzzy,4
6,fuzzy,4
7,fuzzy,6
8,fuzzy,6
9,fuzzy,7
10,fuzzy,8
11,fuzzy,9
12,fuzzy,9
13,fuzzy,9
14,fuzzy,10
15,fuzzy,11
16,fuzzy,11
17,fuzzy,11
18,fuzzy,13
19,fuzzy,14
20,fuzzy,14
21,fuzzy,14
22,fuzzy,15
23,fuzzy,15
24,fuzzy,16
25,fuzzy,17
26,fuzzy,18
27,fuzzy,18
28,fuzzy,19
29,fuzzy,21
30,fuzzy,21
31,fuzzy,22
32,fuzzy,23
33,fuzzy,22
34,fuzzy,23
35,fuzzy,22
36,fuzzy,22
37,fuzzy,22
38,fuzzy,24
39,fuzzy,23
40,fuzzy,25
41,fuzzy,26
42,fuzzy,27
43,fuzzy,26
44,fuzzy,26
45,fuzzy,27
46,fuzzy,27
47,fuzzy,28
48,fuzzy,28
49,fuzzy,27
50,fuzzy,31
51,fuzzy,33
52,fuzzy,34
53,fuzzy,34
54,fuzzy,34
55,fuzzy,35
56,fuzzy,36
57,fuzzy,36
58,fuzzy,36
59,fuzzy,35
60,fuzzy,35
61,fuzzy,34
62,fuzzy,34
63,fuzzy,34
64,fuzzy,34
65,fuzzy,34
66,fuzzy,34
67,fuzzy,34
68,fuzzy,34
69,fuzzy,33
70,fuzzy,34
71,fuzzy,33
72,fuzzy,33
73,fuzzy,33
74,fuzzy,33
75,fuzzy,33
76,fuzzy,36
77,fuzzy,35
78,fuzzy,36
79,fuzzy,35
80,fuzzy,37
81,fuzzy,37
82,fuzzy,39
83,fuzzy,39
84,fuzzy,41
85,fuzzy,42
86,fuzzy,42
87,fuzzy,41
88,fuzzy,42
89,fuzzy,42
90,fuzzy,42
91,fuzzy,43
92,fuzzy,45
93,fuzzy,46
94,fuzzy,45
95,fuzzy,45
96,fuzzy,46
97,fuzzy,50
98,fuzzy,50
99,fuzzy,51
100,fuzzy,52
101,fuzzy,52
102,fuzzy,53
103,fuzzy,54
104,fuzzy,55
105,fuzzy,55
106,fuzzy,56
107,fuzzy,56
108,fuzzy,58
109,fuzzy,59
110,fuzzy,59
111,fuzzy,59
112,fuzzy,59
113,fuzzy,59
114,fuzzy,58
115,fuzzy,58
116,fuzzy,58
117,fuzzy,59
118,fuzzy,59
119,fuzzy,60
120,fuzzy,59
121,fuzzy,59
122,fuzzy,59
123,fuzzy,59
124,fuzzy,58
125,fuzzy,58
126,fuzzy,58
127,fuzzy,59
128,fuzzy,58
129,fuzzy,59
130,fuzzy,59
131,fuzzy,59
132,fuzzy,58
133,fuzzy,59
134,fuzzy,58
135,fuzzy,58
136,fuzzy,57
137,fuzzy,58
138,fuzzy,57
139,fuzzy,58
140,fuzzy,60
141,fuzzy,61
142,fuzzy,61
143,fuzzy,61
144,fuzzy,60
145,fuzzy,60
146,fuzzy,60
147,fuzzy,61
148,fuzzy,63
149,fuzzy,66
150,fuzzy,65
151,fuzzy,65
152,fuzzy,65
153,fuzzy,66
154,fuzzy,67
155,fuzzy,68
156,fuzzy,69
157,fuzzy,69
158,fuzzy,71
159,fuzzy,71
160,fuzzy,70
161,fuzzy,70
162,fuzzy,71
163,fuzzy,71
164,fuzzy,72
165,fuzzy,72
166,fuzzy,74
167,fuzzy,75
168,fuzzy,74
169,fuzzy,74
170,fuzzy,75
171,fuzzy,75
172,fuzzy,75
173,fuzzy,76
174,fuzzy,76
175,fuzzy,77
176,fuzzy,76
177,fuzzy,76
178,fuzzy,75
179,fuzzy,77
180,fuzzy,76
181,fuzzy,76
182,fuzzy,75
183,fuzzy,75
184,fuzzy,76
185,fuzzy,77
186,fuzzy,76
187,fuzzy,77
188,fuzzy,76
189,fuzzy,76
190,fuzzy,78
191,fuzzy,78
192,fuzzy,77
193,fuzzy,78
194,fuzzy,78
195,fuzzy,79
196,fuzzy,80
197,fuzzy,80
198,fuzzy,81
199,fuzzy,80
200,fuzzy,80
201,fuzzy,80
202,fuzzy,80
203,fuzzy,80
204,fuzzy,80
205,fuzzy,80
206,fuzzy,81
207,fuzzy,82
208,fuzzy,83
209,fuzzy,84
210,fuzzy,86
211,fuzzy,90
212,fuzzy,90
213,fuzzy,89
214,fuzzy,89
215,fuzzy,89
216,fuzzy,92
217,fuzzy,92
218,fuzzy,94
219,fuzzy,93
220,fuzzy,93
221,fuzzy,93
222,fuzzy,94
223,fuzzy,94
224,fuzzy,96
225,fuzzy,95
226,fuzzy,97
227,fuzzy,98
228,fuzzy,98
229,fuzzy,98
230,fuzzy,101
231,fuzzy,100
232,fuzzy,100
233,fuzzy,100
234,fuzzy,101
235,fuzzy,102
236,fuzzy,103
237,fuzzy,104
238,fuzzy,105
239,fuzzy,104
240,fuzzy,105
241,fuzzy,104
242,fuzzy,106
243,fuzzy,106
244,fuzzy,106
245,fuzzy,108
246,fuzzy,108
247,fuzzy,107
248,fuzzy,108
249,fuzzy,107
250,fuzzy,108
251,fuzzy,108
252,fuzzy,110
253,fuzzy,111
254,fuzzy,112
255,fuzzy,112
256,fuzzy,112
257,fuzzy,111
258,fuzzy,111
259,fuzzy,110
260,fuzzy,110
261,fuzzy,110
262,fuzzy,111
263,fuzzy,110
264,fuzzy,110
265,fuzzy,109
266,fuzzy,110
267,fuzzy,111
268,fuzzy,112
269,fuzzy,113
270,fuzzy,113
271,fuzzy,112
272,fuzzy,113
273,fuzzy,112
274,fuzzy,114
275,fuzzy,113
276,fuzzy,115
277,fuzzy,116
278,fuzzy,118
279,fuzzy,118
280,fuzzy,119
281,fuzzy,120
282,fuzzy,120
283,fuzzy,120
284,fuzzy,122
285,fuzzy,121
286,fuzzy,122
287,fuzzy,121
288,fuzzy,122
289,fuzzy,122
290,fuzzy,123
291,fuzzy,123
292,fuzzy,127
293,fuzzy,126
294,fuzzy,126
295,fuzzy,126
296,fuzzy,127
297,fuzzy,127
298,fuzzy,128
299,fuzzy,127
300,fuzzy,130
301,fuzzy,130
302,fuzzy,132
303,fuzzy,131
304,fuzzy,131
305,fuzzy,130
306,fuzzy,130
307,fuzzy,130
308,fuzzy,130
309,fuzzy,129
310,fuzzy,130
311,fuzzy,131
312,fuzzy,132
313,fuzzy,132
314,fuzzy,132
315,fuzzy,131
316,fuzzy,131
317,fuzzy,132
318,fuzzy,135
319,fuzzy,136
320,fuzzy,137
321,fuzzy,136
322,fuzzy,137
323,fuzzy,136
324,fuzzy,136
325,fuzzy,136
326,fuzzy,137
327,fuzzy,136
328,fuzzy,137
329,fuzzy,136
330,fuzzy,137
331,fuzzy,136
332,fuzzy,138
333,fuzzy,138
334,fuzzy,138
335,fuzzy,139
336,fuzzy,142
337,fuzzy,141
338,fuzzy,141
339,fuzzy,141
340,fuzzy,141
341,fuzzy,144
342,fuzzy,146
343,fuzzy,145
344,fuzzy,146
345,fuzzy,146
346,fuzzy,146
347,fuzzy,145
348,fuzzy,147
349,fuzzy,146
350,fuzzy,146
351,fuzzy,145
352,fuzzy,147
353,fuzzy,146
354,fuzzy,148
355,fuzzy,147
356,fuzzy,147
357,fuzzy,148
358,fuzzy,148
359,fuzzy,147
360,fuzzy,149
361,fuzzy,149
362,fuzzy,150
363,fuzzy,151
364,fuzzy,151
365,fuzzy,151
366,fuzzy,152
367,fuzzy,152
368,fuzzy,153
369,fuzzy,154
370,fuzzy,154
371,fuzzy,154
372,fuzzy,155
373,fuzzy,155
374,fuzzy,156
375,fuzzy,158
376,fuzzy,159
377,fuzzy,160
378,fuzzy,161
379,fuzzy,162
380,fuzzy,163
381,fuzzy,165
382,fuzzy,167
383,fuzzy,169
384,fuzzy,169
385,fuzzy,170
386,fuzzy,170
387,fuzzy,171
388,fuzzy,172
389,fuzzy,172
390,fuzzy,174
391,fuzzy,176
392,fuzzy,177
393,fuzzy,177
394,fuzzy,177
395,fuzzy,177
396,fuzzy,177
397,fuzzy,178
398,fuzzy,179
399,fuzzy,179
400,fuzzy,179
401,fuzzy,181
402,fuzzy,182
403,fuzzy,182
404,fuzzy,182
405,fuzzy,183
406,fuzzy,184
407,fuzzy,184
408,fuzzy,184
409,fuzzy,184
410,fuzzy,184
411,fuzzy,185
412,fuzzy,184
413,fuzzy,184
414,fuzzy,184
415,fuzzy,187
416,fuzzy,188
417,fuzzy,189
418,fuzzy,188
419,fuzzy,189
420,fuzzy,188
421,fuzzy,188
422,fuzzy,189
423,fuzzy,189
424,fuzzy,188
425,fuzzy,188
426,fuzzy,188
427,fuzzy,189
428,fuzzy,189
429,fuzzy,189
430,fuzzy,189
431,fuzzy,189
432,fuzzy,189
433,fuzzy,190
434,fuzzy,190
435,fuzzy,191
436,fuzzy,192
437,fuzzy,194
438,fuzzy,193
439,fuzzy,196
440,fuzzy,195
441,fuzzy,195
442,fuzzy,194
443,fuzzy,194
444,fuzzy,194
445,fuzzy,196
446,fuzzy,195
447,fuzzy,197
448,fuzzy,196
449,fuzzy,197
450,fuzzy,196
451,fuzzy,197
452,fuzzy,198
453,fuzzy,199
454,fuzzy,199
455,fuzzy,200
456,fuzzy,200
457,fuzzy,200
458,fuzzy,199
459,fuzzy,201
460,fuzzy,201
461,fuzzy,203
462,fuzzy,202
463,fuzzy,204
464,fuzzy,203
465,fuzzy,204
466,fuzzy,203
467,fuzzy,203
468,fuzzy,203
469,fuzzy,203
470,fuzzy,203
471,fuzzy,203
472,fuzzy,202
473,fuzzy,202
474,fuzzy,201
475,fuzzy,202
476,fuzzy,202
477,fuzzy,203
478,fuzzy,203
479,fuzzy,204
480,fuzzy,203
481,fuzzy,203
482,fuzzy,202
483,fuzzy,203
484,fuzzy,202
485,fuzzy,204
486,fuzzy,204
487,fuzzy,204
488,fuzzy,203
489,fuzzy,204
490,fuzzy,203
491,fuzzy,205
492,fuzzy,204
493,fuzzy,204
494,fuzzy,204
495,fuzzy,204
496,fuzzy,203
497,fuzzy,204
498,fuzzy,203
499,fuzzy,204
500,fuzzy,203
501,fuzzy,205
502,fuzzy,208
503,fuzzy,208
504,fuzzy,208
505,fuzzy,208
506,fuzzy,208
507,fuzzy,208
508,fuzzy,209
509,fuzzy,209
510,fuzzy,210
511,fuzzy,211
512,fuzzy,213
513,fuzzy,213
514,fuzzy,212
515,fuzzy,214
516,fuzzy,214
517,fuzzy,217
518,fuzzy,217
519,fuzzy,217
520,fuzzy,217
521,fuzzy,220
522,fuzzy,220
523,fuzzy,221
524,fuzzy,220
525,fuzzy,220
526,fuzzy,221
527,fuzzy,222
528,fuzzy,221
529,fuzzy,223
530,fuzzy,223
531,fuzzy,224
532,fuzzy,223
533,fuzzy,224
534,fuzzy,223
535,fuzzy,223
536,fuzzy,223
537,fuzzy,223
538,fuzzy,223
539,fuzzy,223
540,fuzzy,223
541,fuzzy,225
542,fuzzy,224
543,fuzzy,225
544,fuzzy,225
545,fuzzy,226
546,fuzzy,225
547,fuzzy,226
548,fuzzy,225
549,fuzzy,225
550,fuzzy,224
551,fuzzy,224
552,fuzzy,224
553,fuzzy,225
554,fuzzy,224
555,fuzzy,224
556,fuzzy,224
557,fuzzy,225
558,fuzzy,226
559,fuzzy,226
560,fuzzy,225
561,fuzzy,228
562,fuzzy,227
563,fuzzy,227
564,fuzzy,228
565,fuzzy,230
566,fuzzy,229
567,fuzzy,230
568,fuzzy,230
569,fuzzy,231
570,fuzzy,230
571,fuzzy,231
572,fuzzy,231
573,fuzzy,231
574,fuzzy,233
575,fuzzy,237
576,fuzzy,236
577,fuzzy,241
578,fuzzy,241
579,fuzzy,241
580,fuzzy,240
581,fuzzy,241
582,fuzzy,240
583,fuzzy,240
584,fuzzy,241
585,fuzzy,243
586,fuzzy,242
587,fuzzy,242
588,fuzzy,242
589,fuzzy,244
590,fuzzy,243
591,fuzzy,246
592,fuzzy,245
593,fuzzy,246
594,fuzzy,246
595,fuzzy,246
596,fuzzy,246
597,fuzzy,246
598,fuzzy,245
599,fuzzy,246
600,fuzzy,246
601,fuzzy,247
602,fuzzy,248
603,fuzzy,249
604,fuzzy,249
605,fuzzy,250
606,fuzzy,250
607,fuzzy,252
608,fuzzy,253
609,fuzzy,253
610,fuzzy,255
611,fuzzy,256
612,fuzzy,257
613,fuzzy,259
614,fuzzy,259
615,fuzzy,260
616,fuzzy,260
617,fuzzy,260
618,fuzzy,260
619,fuzzy,260
620,fuzzy,259
621,fuzzy,259
622,fuzzy,259
623,fuzzy,259
624,fuzzy,258
625,fuzzy,259
626,fuzzy,260
627,fuzzy,260
628,fuzzy,259
629,fuzzy,261
630,fuzzy,260
631,fuzzy,261
632,fuzzy,260
633,fuzzy,263
634,fuzzy,262
635,fuzzy,262
636,fuzzy,263
637,fuzzy,264
638,fuzzy,264
639,fuzzy,264
640,fuzzy,263
641,fuzzy,264
642,fuzzy,263
643,fuzzy,264
644,fuzzy,266
645,fuzzy,267
646,fuzzy,267
647,fuzzy,268
648,fuzzy,267
649,fuzzy,268
650,fuzzy,267
651,fuzzy,267
652,fuzzy,267
653,fuzzy,267
654,fuzzy,268
655,fuzzy,268
656,fuzzy,267
657,fuzzy,269
658,fuzzy,270
659,fuzzy,272
660,fuzzy,271
661,fuzzy,271
662,fuzzy,270
663,fuzzy,270
664,fuzzy,270
665,fuzzy,270
666,fuzzy,269
667,fuzzy,270
668,fuzzy,269
669,fuzzy,270
670,fuzzy,269
671,fuzzy,269
672,fuzzy,269
673,fuzzy,269
674,fuzzy,268
675,fuzzy,269
676,fuzzy,268
677,fuzzy,270
678,fuzzy,270
679,fuzzy,271
680,fuzzy,270
681,fuzzy,271
682,fuzzy,270
683,fuzzy,270
684,fuzzy,269
685,fuzzy,270
686,fuzzy,270
687,fuzzy,270
688,fuzzy,270
689,fuzzy,272
690,fuzzy,271
691,fuzzy,271
692,fuzzy,271
693,fuzzy,271
694,fuzzy,270
695,fuzzy,271
696,fuzzy,270
697,fuzzy,271
698,fuzzy,270
699,fuzzy,270
700,fuzzy,269
701,fuzzy,273
702,fuzzy,272
703,fuzzy,276
704,fuzzy,275
705,fuzzy,275
706,fuzzy,274
707,fuzzy,275
708,fuzzy,275
709,fuzzy,277
710,fuzzy,278
711,fuzzy,281
712,fuzzy,280
713,fuzzy,281
714,fuzzy,280
715,fuzzy,281
716,fuzzy,280
717,fuzzy,282
718,fuzzy,281
719,fuzzy,282
720,fuzzy,281
721,fuzzy,282
722,fuzzy,283
723,fuzzy,287
724,fuzzy,289
725,fuzzy,289
726,fuzzy,288
727,fuzzy,290
728,fuzzy,289
729,fuzzy,289
730,fuzzy,289
731,fuzzy,289
732,fuzzy,289
733,fuzzy,289
734,fuzzy,288
735,fuzzy,288
736,fuzzy,287
737,fuzzy,288
738,fuzzy,288
739,fuzzy,290
740,fuzzy,290
741,fuzzy,291
742,fuzzy,290
743,fuzzy,290
744,fuzzy,289
745,fuzzy,291
746,fuzzy,290
747,fuzzy,290
748,fuzzy,290
749,fuzzy,291
750,fuzzy,290
751,fuzzy,291
752,fuzzy,291
753,fuzzy,291
754,fuzzy,292
755,fuzzy,292
756,fuzzy,292
757,fuzzy,293
758,fuzzy,292
759,fuzzy,292
760,fuzzy,291
761,fuzzy,291
762,fuzzy,291
763,fuzzy,292
764,fuzzy,293
765,fuzzy,296
766,fuzzy,297
767,fuzzy,298
768,fuzzy,299
769,fuzzy,300
770,fuzzy,300
771,fuzzy,301
772,fuzzy,301
773,fuzzy,301
774,fuzzy,302
775,fuzzy,302
776,fuzzy,302
777,fuzzy,302
778,fuzzy,302
779,fuzzy,304
780,fuzzy,304
781,fuzzy,304
782,fuzzy,304
783,fuzzy,304
784,fuzzy,303
785,fuzzy,306
786,fuzzy,305
787,fuzzy,305
788,fuzzy,305
789,fuzzy,306
790,fuzzy,306
791,fuzzy,307
792,fuzzy,308
793,fuzzy,308
794,fuzzy,308
795,fuzzy,309
796,fuzzy,308
797,fuzzy,308
798,fuzzy,307
799,fuzzy,307
800,fuzzy,307
801,fuzzy,307
802,fuzzy,310
803,fuzzy,310
804,fuzzy,310
805,fuzzy,312
806,fuzzy,311
807,fuzzy,311
808,fuzzy,313
809,fuzzy,316
810,fuzzy,315
811,fuzzy,316
812,fuzzy,315
813,fuzzy,316
814,fuzzy,315
815,fuzzy,315
816,fuzzy,317
817,fuzzy,317
818,fuzzy,317
819,fuzzy,318
820,fuzzy,318
821,fuzzy,319
822,fuzzy,319
823,fuzzy,320
824,fuzzy,319
825,fuzzy,319
826,fuzzy,318
827,fuzzy,318
828,fuzzy,317
829,fuzzy,318
830,fuzzy,318
831,fuzzy,320
832,fuzzy,320
833,fuzzy,324
834,fuzzy,324
835,fuzzy,324
836,fuzzy,325
837,fuzzy,325
838,fuzzy,327
839,fuzzy,329
840,fuzzy,329
841,fuzzy,328
842,fuzzy,328
843,fuzzy,328
844,fuzzy,329
845,fuzzy,329
846,fuzzy,329
847,fuzzy,328
848,fuzzy,330
849,fuzzy,329
850,fuzzy,330
851,fuzzy,329
852,fuzzy,331
853,fuzzy,330
854,fuzzy,330
855,fuzzy,329
856,fuzzy,331
857,fuzzy,331
858,fuzzy,331
859,fuzzy,332
860,fuzzy,332
861,fuzzy,331
862,fuzzy,334
863,fuzzy,333
864,fuzzy,333
865,fuzzy,332
866,fuzzy,333
867,fuzzy,332
868,fuzzy,333
869,fuzzy,333
870,fuzzy,333
871,fuzzy,332
872,fuzzy,332
873,fuzzy,333
874,fuzzy,333
875,fuzzy,333
876,fuzzy,334
877,fuzzy,334
878,fuzzy,336
879,fuzzy,335
880,fuzzy,336
881,fuzzy,336
882,fuzzy,336
883,fuzzy,337
884,fuzzy,337
885,fuzzy,337
886,fuzzy,338
887,fuzzy,337
888,fuzzy,338
889,fuzzy,338
890,fuzzy,339
891,fuzzy,339
892,fuzzy,341
893,fuzzy,341
894,fuzzy,343
895,fuzzy,342
896,fuzzy,343
897,fuzzy,342
898,fuzzy,342
899,fuzzy,343
900,fuzzy,344
901,fuzzy,343
902,fuzzy,343
903,fuzzy,342
904,fuzzy,342
905,fuzzy,342
906,fuzzy,342
907,fuzzy,343
908,fuzzy,343
909,fuzzy,343
910,fuzzy,343
911,fuzzy,344
912,fuzzy,344
913,fuzzy,343
914,fuzzy,343
915,fuzzy,344
916,fuzzy,344
917,fuzzy,344
918,fuzzy,347
919,fuzzy,347
920,fuzzy,348
921,fuzzy,348
922,fuzzy,348
923,fuzzy,348
924,fuzzy,352
925,fuzzy,351
926,fuzzy,351
927,fuzzy,350
928,fuzzy,351
929,fuzzy,351
930,fuzzy,351
931,fuzzy,350
932,fuzzy,351
933,fuzzy,351
934,fuzzy,352
935,fuzzy,353
936,fuzzy,354
937,fuzzy,353
938,fuzzy,353
939,fuzzy,352
940,fuzzy,352
941,fuzzy,351
942,fuzzy,353
943,fuzzy,354
944,fuzzy,355
945,fuzzy,355
946,fuzzy,356
947,fuzzy,357
948,fuzzy,358
949,fuzzy,357
950,fuzzy,357
951,fuzzy,356
952,fuzzy,357
953,fuzzy,358
954,fuzzy,358
955,fuzzy,359
956,fuzzy,360
957,fuzzy,359
958,fuzzy,360
959,fuzzy,362
960,fuzzy,363
961,fuzzy,363
962,fuzzy,365
963,fuzzy,364
964,fuzzy,367
965,fuzzy,367
966,fuzzy,369
967,fuzzy,369
968,fuzzy,369
969,fuzzy,369
970,fuzzy,370
971,fuzzy,370
972,fuzzy,371
973,fuzzy,370
974,fuzzy,370
975,fuzzy,371
976,fuzzy,372
977,fuzzy,371
978,fuzzy,372
979,fuzzy,371
980,fuzzy,372
981,fuzzy,371
982,fuzzy,371
983,fuzzy,373
984,fuzzy,376
985,fuzzy,375
986,fuzzy,377
987,fuzzy,376
988,fuzzy,376
989,fuzzy,376
990,fuzzy,377
991,fuzzy,376
992,fuzzy,377
993,fuzzy,378
994,fuzzy,378
995,fuzzy,379
996,fuzzy,379
997,fuzzy,378
998,fuzzy,379
999,fuzzy,378
1000,fuzzy,380
1001,fuzzy,380
1002,fuzzy,382
1003,fuzzy,384
1004,fuzzy,384
1005,fuzzy,383
1006,fuzzy,383
1007,fuzzy,382
1008,fuzzy,383
1009,fuzzy,383
1010,fuzzy,383
1011,fuzzy,382
1012,fuzzy,383
1013,fuzzy,383
1014,fuzzy,385
1015,fuzzy,385
1016,fuzzy,386
1017,fuzzy,386
1018,fuzzy,387
1019,fuzzy,388
1020,fuzzy,390
1021,fuzzy,392
1022,fuzzy,392
1023,fuzzy,391
1024,fuzzy,391
1025,fuzzy,391
1026,fuzzy,393
1027,fuzzy,392
1028,fuzzy,393
1029,fuzzy,392
1030,fuzzy,394
1031,fuzzy,394
1032,fuzzy,394
1033,fuzzy,394
1034,fuzzy,394
1035,fuzzy,393
1036,fuzzy,393
1037,fuzzy,393
1038,fuzzy,394
1039,fuzzy,393
1040,fuzzy,393
1041,fuzzy,394
1042,fuzzy,394
1043,fuzzy,393
1044,fuzzy,393
1045,fuzzy,392
1046,fuzzy,394
1047,fuzzy,394
1048,fuzzy,394
1049,fuzzy,394
1050,fuzzy,395
1051,fuzzy,395
1052,fuzzy,395
1053,fuzzy,395
1054,fuzzy,395
1055,fuzzy,394
1056,fuzzy,397
1057,fuzzy,396
1058,fuzzy,396
1059,fuzzy,397
1060,fuzzy,398
1061,fuzzy,398
1062,fuzzy,399
1063,fuzzy,399
1064,fuzzy,400
1065,fuzzy,400
1066,fuzzy,400
1067,fuzzy,399
1068,fuzzy,400
1069,fuzzy,399
1070,fuzzy,400
1071,fuzzy,403
1072,fuzzy,404
1073,fuzzy,405
1074,fuzzy,406
1075,fuzzy,408
1076,fuzzy,410
1077,fuzzy,409
1078,fuzzy,409
1079,fuzzy,409
1080,fuzzy,409
1081,fuzzy,408
1082,fuzzy,409
1083,fuzzy,409
1084,fuzzy,409
1085,fuzzy,410
1086,fuzzy,411
1087,fuzzy,411
1088,fuzzy,412
1089,fuzzy,411
1090,fuzzy,413
1091,fuzzy,414
1092,fuzzy,414
1093,fuzzy,414
1094,fuzzy,414
1095,fuzzy,414
1096,fuzzy,416
1097,fuzzy,418
1098,fuzzy,418
1099,fuzzy,418
1100,fuzzy,418
1101,fuzzy,419
1102,fuzzy,421
1103,fuzzy,421
1104,fuzzy,422
1105,fuzzy,422
1106,fuzzy,422
1107,fuzzy,422
1108,fuzzy,422
1109,fuzzy,421
1110,fuzzy,422
1111,fuzzy,421
1112,fuzzy,423
1113,fuzzy,424
1114,fuzzy,427
1115,fuzzy,428
1116,fuzzy,429
1117,fuzzy,428
1118,fuzzy,429
1119,fuzzy,429
1120,fuzzy,429
1121,fuzzy,430
1122,fuzzy,430
1123,fuzzy,430
1124,fuzzy,430
1125,fuzzy,429
1126,fuzzy,432
1127,fuzzy,431
1128,fuzzy,432
1129,fuzzy,431
1130,fuzzy,432
1131,fuzzy,433
1132,fuzzy,434
1133,fuzzy,433
1134,fuzzy,434
1135,fuzzy,433
1136,fuzzy,433
1137,fuzzy,434
1138,fuzzy,435
1139,fuzzy,434
1140,fuzzy,434
1141,fuzzy,433
1142,fuzzy,433
1143,fuzzy,433
1144,fuzzy,434
1145,fuzzy,433
1146,fuzzy,434
1147,fuzzy,434
1148,fuzzy,436
1149,fuzzy,438
1150,fuzzy,438
1151,fuzzy,439
1152,fuzzy,439
1153,fuzzy,439
1154,fuzzy,440
1155,fuzzy,440
1156,fuzzy,440
1157,fuzzy,440
1158,fuzzy,442
1159,fuzzy,441
1160,fuzzy,443
1161,fuzzy,442
1162,fuzzy,442
1163,fuzzy,442
1164,fuzzy,443
1165,fuzzy,443
1166,fuzzy,443
1167,fuzzy,443
1168,fuzzy,443
1169,fuzzy,443
1170,fuzzy,444
1171,fuzzy,444
1172,fuzzy,444
1173,fuzzy,446
1174,fuzzy,446
1175,fuzzy,445
1176,fuzzy,446
1177,fuzzy,447
1178,fuzzy,450
1179,fuzzy,449
1180,fuzzy,449
1181,fuzzy,448
1182,fuzzy,450
1183,fuzzy,449
1184,fuzzy,450
1185,fuzzy,450
1186,fuzzy,453
1187,fuzzy,453
1188,fuzzy,456
1189,fuzzy,456
1190,fuzzy,457
1191,fuzzy,457
1192,fuzzy,457
1193,fuzzy,459
1194,fuzzy,463
1195,fuzzy,462
1196,fuzzy,463
1197,fuzzy,464
1198,fuzzy,465
1199,fuzzy,465
1200,fuzzy,465
1201,fuzzy,466
1202,fuzzy,467
1203,fuzzy,466
1204,fuzzy,466
1205,fuzzy,466
1206,fuzzy,467
1207,fuzzy,466
1208,fuzzy,467
1209,fuzzy,467
1210,fuzzy,469
1211,fuzzy,468
1212,fuzzy,469
1213,fuzzy,470
1214,fuzzy,471
1215,fuzzy,471
1216,fuzzy,471
1217,fuzzy,470
1218,fuzzy,471
1219,fuzzy,471
1220,fuzzy,472
1221,fuzzy,472
1222,fuzzy,473
1223,fuzzy,472
1224,fuzzy,474
1225,fuzzy,473
1226,fuzzy,474
1227,fuzzy,473
1228,fuzzy,474
1229,fuzzy,477
1230,fuzzy,479
1231,fuzzy,478
1232,fuzzy,479
1233,fuzzy,480
1234,fuzzy,480
1235,fuzzy,479
1236,fuzzy,481
1237,fuzzy,480
1238,fuzzy,481
1239,fuzzy,480
1240,fuzzy,481
1241,fuzzy,482
1242,fuzzy,482
1243,fuzzy,483
1244,fuzzy,483
1245,fuzzy,482
1246,fuzzy,485
1247,fuzzy,485
1248,fuzzy,485
1249,fuzzy,484
1250,fuzzy,485
1251,fuzzy,484
1252,fuzzy,485
1253,fuzzy,484
1254,fuzzy,484
1255,fuzzy,483
1256,fuzzy,485
1257,fuzzy,485
1258,fuzzy,487
1259,fuzzy,487
1260,fuzzy,488
1261,fuzzy,489
1262,fuzzy,489
1263,fuzzy,488
1264,fuzzy,490
1265,fuzzy,490
1266,fuzzy,491
1267,fuzzy,490
1268,fuzzy,491
1269,fuzzy,490
1270,fuzzy,491
1271,fuzzy,491
1272,fuzzy,491
1273,fuzzy,490
1274,fuzzy,492
1275,fuzzy,491
1276,fuzzy,493
1277,fuzzy,493
1278,fuzzy,494
1279,fuzzy,493
1280,fuzzy,494
1281,fuzzy,494
1282,fuzzy,494
1283,fuzzy,495
1284,fuzzy,496
1285,fuzzy,497
1286,fuzzy,497
1287,fuzzy,496
1288,fuzzy,496
1289,fuzzy,496
1290,fuzzy,499
1291,fuzzy,499
1292,fuzzy,499
1293,fuzzy,500
1294,fuzzy,501
1295,fuzzy,502
1296,fuzzy,503
1297,fuzzy,502
1298,fuzzy,502
1299,fuzzy,502
1300,fuzzy,503
1301,fuzzy,502
1302,fuzzy,502
1303,fuzzy,502
1304,fuzzy,502
1305,fuzzy,501
1306,fuzzy,501
1307,fuzzy,501
1308,fuzzy,502
1309,fuzzy,503
1310,fuzzy,504
1311,fuzzy,503
1312,fuzzy,504
1313,fuzzy,504
1314,fuzzy,506
1315,fuzzy,505
1316,fuzzy,505
1317,fuzzy,505
1318,fuzzy,506
1319,fuzzy,507
1320,fuzzy,508
1321,fuzzy,507
1322,fuzzy,509
1323,fuzzy,508
1324,fuzzy,509
1325,fuzzy,510
1326,fuzzy,510
1327,fuzzy,509
1328,fuzzy,510
1329,fuzzy,511
1330,fuzzy,511
1331,fuzzy,511
1332,fuzzy,512
1333,fuzzy,514
1334,fuzzy,514
1335,fuzzy,513
1336,fuzzy,514
1337,fuzzy,513
1338,fuzzy,514
1339,fuzzy,513
1340,fuzzy,515
1341,fuzzy,515
1342,fuzzy,517
1343,fuzzy,517
1344,fuzzy,521
1345,fuzzy,520
1346,fuzzy,521
1347,fuzzy,521
1348,fuzzy,521
1349,fuzzy,520
1350,fuzzy,520
1351,fuzzy,520
1352,fuzzy,520
1353,fuzzy,519
1354,fuzzy,521
1355,fuzzy,522
1356,fuzzy,522
1357,fuzzy,521
1358,fuzzy,522
1359,fuzzy,522
1360,fuzzy,523
1361,fuzzy,524
1362,fuzzy,525
1363,fuzzy,524
1364,fuzzy,525
1365,fuzzy,524
1366,fuzzy,524
1367,fuzzy,524
1368,fuzzy,525
1369,fuzzy,528
1370,fuzzy,528
1371,fuzzy,527
1372,fuzzy,528
1373,fuzzy,527
1374,fuzzy,528
1375,fuzzy,527
1376,fuzzy,528
1377,fuzzy,527
1378,fuzzy,528
1379,fuzzy,528
1380,fuzzy,528
1381,fuzzy,527
1382,fuzzy,529
1383,fuzzy,529
1384,fuzzy,529
1385,fuzzy,529
1386,fuzzy,531
1387,fuzzy,532
1388,fuzzy,533
1389,fuzzy,533
1390,fuzzy,534
1391,fuzzy,534
1392,fuzzy,535
1393,fuzzy,537
1394,fuzzy,538
1395,fuzzy,538
1396,fuzzy,538
1397,fuzzy,540
1398,fuzzy,540
1399,fuzzy,540
1400,fuzzy,540
1401,fuzzy,540
1402,fuzzy,540
1403,fuzzy,539
1404,fuzzy,540
1405,fuzzy,542
1406,fuzzy,544
1407,fuzzy,543
1408,fuzzy,544
1409,fuzzy,544
1410,fuzzy,546
1411,fuzzy,546
1412,fuzzy,548
1413,fuzzy,548
1414,fuzzy,549
1415,fuzzy,549
1416,fuzzy,551
1417,fuzzy,550
1418,fuzzy,552
1419,fuzzy,551
1420,fuzzy,551
1421,fuzzy,551
1422,fuzzy,552
1423,fuzzy,552
1424,fuzzy,553
1425,fuzzy,552
1426,fuzzy,552
1427,fuzzy,552
1428,fuzzy,553
1429,fuzzy,553
1430,fuzzy,554
1431,fuzzy,554
1432,fuzzy,556
1433,fuzzy,556
1434,fuzzy,556
1435,fuzzy,555
1436,fuzzy,555
1437,fuzzy,556
1438,fuzzy,557
1439,fuzzy,557
1440,fuzzy,558
1441,fuzzy,557
1442,fuzzy,557
1443,fuzzy,557
1444,fuzzy,557
1445,fuzzy,558
1446,fuzzy,559
1447,fuzzy,558
1448,fuzzy,559
1449,fuzzy,558
1450,fuzzy,560
1451,fuzzy,561
1452,fuzzy,565
1453,fuzzy,564
1454,fuzzy,564
1455,fuzzy,563
1456,fuzzy,563
1457,fuzzy,563
1458,fuzzy,563
1459,fuzzy,563
1460,fuzzy,564
1461,fuzzy,565
1462,fuzzy,565
1463,fuzzy,565
1464,fuzzy,567
1465,fuzzy,568
1466,fuzzy,568
1467,fuzzy,568
1468,fuzzy,569
1469,fuzzy,571
1470,fuzzy,571
1471,fuzzy,572
1472,fuzzy,572
1473,fuzzy,571
1474,fuzzy,572
1475,fuzzy,572
1476,fuzzy,574
1477,fuzzy,574
1478,fuzzy,575
1479,fuzzy,574
1480,fuzzy,574
1481,fuzzy,574
1482,fuzzy,575
1483,fuzzy,574
1484,fuzzy,574
1485,fuzzy,576
1486,fuzzy,579
1487,fuzzy,578
1488,fuzzy,579
1489,fuzzy,579
1490,fuzzy,580
1491,fuzzy,581
1492,fuzzy,581
1493,fuzzy,580
1494,fuzzy,581
1495,fuzzy,581
1496,fuzzy,582
1497,fuzzy,581
1498,fuzzy,581
1499,fuzzy,582
1500,fuzzy,583
1501,fuzzy,582
1502,fuzzy,584
1503,fuzzy,584
1504,fuzzy,585
1505,fuzzy,585
1506,fuzzy,585
1507,fuzzy,584
1508,fuzzy,586
1509,fuzzy,585
1510,fuzzy,586
1511,fuzzy,585
1512,fuzzy,586
1513,fuzzy,588
1514,fuzzy,589
1515,fuzzy,589
1516,fuzzy,589
1517,fuzzy,588
1518,fuzzy,589
1519,fuzzy,589
1520,fuzzy,589
1521,fuzzy,588
1522,fuzzy,589
1523,fuzzy,588
1524,fuzzy,589
1525,fuzzy,589
1526,fuzzy,589
1527,fuzzy,588
1528,fuzzy,588
1529,fuzzy,587
1530,fuzzy,588
1531,fuzzy,587
1532,fuzzy,587
1533,fuzzy,586
1534,fuzzy,586
1535,fuzzy,587
1536,fuzzy,588
1537,fuzzy,588
1538,fuzzy,590
1539,fuzzy,590
1540,fuzzy,590
1541,fuzzy,590
1542,fuzzy,590
1543,fuzzy,591
1544,fuzzy,592
1545,fuzzy,592
1546,fuzzy,594
1547,fuzzy,593
1548,fuzzy,593
1549,fuzzy,592
1550,fuzzy,592
1551,fuzzy,592
1552,fuzzy,592
1553,fuzzy,592
1554,fuzzy,592
1555,fuzzy,592
1556,fuzzy,592
1557,fuzzy,592
1558,fuzzy,594
1559,fuzzy,593
1560,fuzzy,593
1561,fuzzy,593
1562,fuzzy,593
1563,fuzzy,592
1564,fuzzy,595
1565,fuzzy,595
1566,fuzzy,596
1567,fuzzy,595
1568,fuzzy,596
1569,fuzzy,597
1570,fuzzy,597
1571,fuzzy,598
1572,fuzzy,599
1573,fuzzy,598
1574,fuzzy,598
1575,fuzzy,597
1576,fuzzy,597
1577,fuzzy,597
1578,fuzzy,597
1579,fuzzy,596
1580,fuzzy,597
1581,fuzzy,597
1582,fuzzy,599
1583,fuzzy,598
1584,fuzzy,599
1585,fuzzy,599
1586,fuzzy,599
1587,fuzzy,599
1588,fuzzy,601
1589,fuzzy,600
1590,fuzzy,604
1591,fuzzy,604
1592,fuzzy,605
1593,fuzzy,605
1594,fuzzy,605
1595,fuzzy,604
1596,fuzzy,604
1597,fuzzy,603
1598,fuzzy,604
1599,fuzzy,603
1600,fuzzy,603
1601,fuzzy,603
1602,fuzzy,603
1603,fuzzy,603
1604,fuzzy,605
1605,fuzzy,605
1606,fuzzy,607
1607,fuzzy,606
1608,fuzzy,607
1609,fuzzy,606
1610,fuzzy,606
1611,fuzzy,607
1612,fuzzy,609
1613,fuzzy,608
1614,fuzzy,609
1615,fuzzy,609
1616,fuzzy,609
1617,fuzzy,609
1618,fuzzy,610
1619,fuzzy,609
1620,fuzzy,609
1621,fuzzy,609
1622,fuzzy,612
1623,fuzzy,611
1624,fuzzy,611
1625,fuzzy,612
1626,fuzzy,612
1627,fuzzy,612
1628,fuzzy,613
1629,fuzzy,613
1630,fuzzy,614
1631,fuzzy,613
1632,fuzzy,613
1633,fuzzy,613
1634,fuzzy,614
1635,fuzzy,613
1636,fuzzy,613
1637,fuzzy,613
1638,fuzzy,613
1639,fuzzy,614
1640,fuzzy,616
1641,fuzzy,615
1642,fuzzy,615
1643,fuzzy,617
1644,fuzzy,619
1645,fuzzy,618
1646,fuzzy,618
1647,fuzzy,617
1648,fuzzy,617
1649,fuzzy,618
1650,fuzzy,620
1651,fuzzy,620
1652,fuzzy,620
1653,fuzzy,621
1654,fuzzy,622
1655,fuzzy,621
1656,fuzzy,621
1657,fuzzy,622
1658,fuzzy,622
1659,fuzzy,622
1660,fuzzy,623
1661,fuzzy,622
1662,fuzzy,624
1663,fuzzy,623
1664,fuzzy,623
1665,fuzzy,622
1666,fuzzy,622
1667,fuzzy,622
1668,fuzzy,623
1669,fuzzy,624
1670,fuzzy,626
1671,fuzzy,625
1672,fuzzy,626
1673,fuzzy,626
1674,fuzzy,626
1675,fuzzy,625
1676,fuzzy,628
1677,fuzzy,628
1678,fuzzy,628
1679,fuzzy,629
1680,fuzzy,631
1681,fuzzy,630
1682,fuzzy,631
1683,fuzzy,630
1684,fuzzy,631
1685,fuzzy,630
1686,fuzzy,630
1687,fuzzy,630
1688,fuzzy,632
1689,fuzzy,632
1690,fuzzy,632
1691,fuzzy,633
1692,fuzzy,633
1693,fuzzy,634
1694,fuzzy,634
1695,fuzzy,635
1696,fuzzy,635
1697,fuzzy,635
1698,fuzzy,635
1699,fuzzy,635
1700,fuzzy,635
1701,fuzzy,635
1702,fuzzy,637
1703,fuzzy,638
1704,fuzzy,639
1705,fuzzy,638
1706,fuzzy,638
1707,fuzzy,638
1708,fuzzy,640
1709,fuzzy,640
1710,fuzzy,641
1711,fuzzy,641
1712,fuzzy,641
1713,fuzzy,640
1714,fuzzy,640
1715,fuzzy,639
1716,fuzzy,641
1717,fuzzy,640
1718,fuzzy,642
1719,fuzzy,644
1720,fuzzy,645
1721,fuzzy,646
1722,fuzzy,648
1723,fuzzy,647
1724,fuzzy,648
1725,fuzzy,647
1726,fuzzy,647
1727,fuzzy,646
1728,fuzzy,646
1729,fuzzy,646
1730,fuzzy,647
1731,fuzzy,647
1732,fuzzy,648
1733,fuzzy,648
1734,fuzzy,648
1735,fuzzy,648
1736,fuzzy,649
1737,fuzzy,648
1738,fuzzy,648
1739,fuzzy,648
1740,fuzzy,650
1741,fuzzy,649
1742,fuzzy,649
1743,fuzzy,650
1744,fuzzy,651
1745,fuzzy,653
1746,fuzzy,654
1747,fuzzy,653
1748,fuzzy,654
1749,fuzzy,656
1750,fuzzy,656
1751,fuzzy,657
1752,fuzzy,659
1753,fuzzy,659
1754,fuzzy,660
1755,fuzzy,659
1756,fuzzy,662
1757,fuzzy,661
1758,fuzzy,661
1759,fuzzy,662
1760,fuzzy,664
1761,fuzzy,663
1762,fuzzy,663
1763,fuzzy,663
1764,fuzzy,663
1765,fuzzy,664
1766,fuzzy,666
1767,fuzzy,666
1768,fuzzy,666
1769,fuzzy,666
1770,fuzzy,667
1771,fuzzy,667
1772,fuzzy,667
1773,fuzzy,667
1774,fuzzy,667
1775,fuzzy,669
1776,fuzzy,672
1777,fuzzy,672
1778,fuzzy,672
1779,fuzzy,671
1780,fuzzy,671
1781,fuzzy,671
1782,fuzzy,671
1783,fuzzy,670
1784,fuzzy,670
1785,fuzzy,670
1786,fuzzy,670
1787,fuzzy,669
1788,fuzzy,670
1789,fuzzy,669
1790,fuzzy,669
1791,fuzzy,668
1792,fuzzy,668
1793,fuzzy,667
1794,fuzzy,668
1795,fuzzy,668
1796,fuzzy,669
1797,fuzzy,669
1798,fuzzy,671
1799,fuzzy,670
